user_id,activity_date,activity_type
342,2024-05-18,review
317,2024-02-05,login
66,2024-03-15,login
697,2024-06-16,review
615,2024-01-11,login
460,2024-02-24,review
123,2024-08-03,subscription
834,2024-02-12,login
717,2024-06-25,subscription
850,2024-04-09,review
729,2024-05-13,review
203,2024-07-22,login
822,2024-04-22,subscription
700,2024-08-21,review
600,2024-01-03,review
915,2024-05-06,subscription
504,2024-02-06,subscription
711,2024-03-13,review
600,2024-08-29,subscription
820,2024-07-09,review
537,2024-05-05,login
173,2024-02-29,login
87,2024-03-14,subscription
666,2024-08-19,review
65,2024-02-20,review
546,2024-05-11,login
975,2024-08-12,login
238,2024-07-16,review
773,2024-06-30,subscription
816,2024-02-02,subscription
215,2024-05-22,review
946,2024-05-11,subscription
837,2024-08-10,review
857,2024-03-26,review
354,2024-08-04,login
929,2024-01-14,subscription
700,2024-08-25,login
353,2024-05-05,login
636,2024-01-20,login
49,2024-04-15,login
456,2024-05-22,subscription
330,2024-01-24,subscription
202,2024-05-15,review
802,2024-02-10,login
61,2024-03-23,subscription
910,2024-03-30,login
575,2024-02-15,review
124,2024-04-12,review
548,2024-08-30,subscription
769,2024-07-25,login
59,2024-03-27,subscription
425,2024-03-24,subscription
888,2024-08-19,review
716,2024-05-26,login
543,2024-05-11,review
286,2024-05-21,login
215,2024-02-18,review
959,2024-01-18,login
759,2024-08-04,login
550,2024-01-13,login
607,2024-05-09,subscription
883,2024-05-10,subscription
808,2024-08-23,subscription
22,2024-03-08,subscription
416,2024-02-09,review
803,2024-03-20,login
863,2024-06-02,login
542,2024-04-30,review
788,2024-02-12,login
925,2024-05-03,login
242,2024-03-20,subscription
917,2024-01-05,subscription
878,2024-01-25,subscription
281,2024-08-29,login
732,2024-07-31,login
320,2024-03-08,subscription
768,2024-07-11,subscription
929,2024-01-15,subscription
764,2024-05-14,login
940,2024-07-20,login
67,2024-06-12,review
810,2024-06-21,review
668,2024-04-14,review
47,2024-02-16,review
838,2024-09-03,login
991,2024-03-02,subscription
814,2024-07-03,review
242,2024-06-30,subscription
296,2024-04-08,review
481,2024-04-27,review
76,2024-05-02,login
544,2024-04-08,review
647,2024-02-21,login
549,2024-05-14,login
754,2024-04-23,login
725,2024-07-23,subscription
710,2024-08-04,subscription
259,2024-02-03,login
581,2024-02-10,review
409,2024-06-21,review
258,2024-02-08,login
394,2024-06-20,subscription
734,2024-05-10,login
326,2024-03-02,review
197,2024-03-19,review
959,2024-03-11,login
28,2024-08-01,review
600,2024-06-06,subscription
640,2024-05-16,login
560,2024-05-20,subscription
514,2024-08-23,review
14,2024-05-07,login
172,2024-01-05,subscription
622,2024-08-27,subscription
403,2024-02-03,login
493,2024-05-15,login
296,2024-06-28,login
738,2024-04-18,subscription
33,2024-03-04,subscription
773,2024-01-05,subscription
631,2024-04-05,subscription
881,2024-07-13,review
652,2024-07-16,login
593,2024-05-22,login
490,2024-08-27,login
111,2024-06-28,login
340,2024-08-06,subscription
90,2024-05-31,subscription
994,2024-01-12,review
87,2024-08-08,review
455,2024-01-13,review
551,2024-07-11,review
389,2024-03-06,subscription
250,2024-06-08,subscription
654,2024-05-28,login
315,2024-06-23,subscription
736,2024-01-16,subscription
932,2024-07-05,subscription
130,2024-03-29,review
585,2024-06-30,review
267,2024-03-16,subscription
661,2024-07-11,review
889,2024-06-30,login
495,2024-08-21,subscription
803,2024-04-03,review
485,2024-05-24,review
969,2024-01-19,subscription
509,2024-01-23,login
713,2024-02-25,login
877,2024-03-02,subscription
186,2024-01-13,login
780,2024-04-28,login
902,2024-06-26,login
76,2024-04-26,review
943,2024-06-23,review
932,2024-05-24,review
834,2024-03-01,subscription
285,2024-05-19,subscription
564,2024-02-27,login
344,2024-07-17,review
10,2024-03-27,login
716,2024-05-20,subscription
988,2024-06-01,review
866,2024-08-19,login
178,2024-07-18,subscription
532,2024-02-23,login
829,2024-06-30,login
801,2024-06-10,review
247,2024-03-09,login
761,2024-04-16,subscription
452,2024-02-26,login
243,2024-01-04,review
379,2024-01-16,subscription
182,2024-06-17,subscription
855,2024-05-07,login
612,2024-02-10,login
123,2024-03-26,login
405,2024-05-03,subscription
301,2024-02-20,subscription
619,2024-07-28,review
288,2024-02-11,subscription
328,2024-01-07,login
913,2024-06-09,login
910,2024-03-10,login
365,2024-01-17,review
145,2024-03-29,review
523,2024-05-26,login
133,2024-02-07,review
374,2024-03-31,subscription
558,2024-06-01,review
179,2024-02-16,subscription
669,2024-06-16,review
861,2024-04-06,subscription
181,2024-09-01,subscription
660,2024-06-05,login
562,2024-07-05,review
820,2024-06-21,login
724,2024-02-26,review
690,2024-01-18,login
734,2024-05-15,login
938,2024-05-05,login
266,2024-04-22,login
226,2024-05-08,subscription
531,2024-06-08,review
82,2024-06-11,review
969,2024-07-04,review
203,2024-08-18,login
279,2024-02-12,subscription
617,2024-04-18,login
707,2024-03-23,subscription
776,2024-04-08,review
597,2024-04-16,login
638,2024-07-28,login
457,2024-02-29,login
862,2024-03-05,subscription
678,2024-01-31,subscription
415,2024-01-20,subscription
441,2024-07-07,subscription
2,2024-07-10,subscription
497,2024-05-19,review
166,2024-01-07,review
16,2024-03-28,login
225,2024-04-19,review
441,2024-08-09,subscription
190,2024-03-23,login
920,2024-02-04,review
613,2024-05-19,subscription
199,2024-05-24,subscription
476,2024-07-26,login
360,2024-06-03,subscription
938,2024-03-06,review
29,2024-08-11,review
295,2024-01-22,login
617,2024-08-26,login
471,2024-04-02,review
678,2024-05-29,review
665,2024-04-21,login
198,2024-03-09,subscription
638,2024-04-06,review
323,2024-09-01,subscription
338,2024-07-15,review
206,2024-06-26,login
401,2024-07-16,subscription
259,2024-07-23,subscription
392,2024-03-27,login
786,2024-08-13,subscription
931,2024-07-01,subscription
364,2024-06-06,subscription
12,2024-07-20,review
223,2024-06-10,login
786,2024-08-31,review
378,2024-02-16,login
363,2024-03-13,subscription
247,2024-01-13,review
554,2024-03-02,login
610,2024-08-03,login
908,2024-08-06,subscription
511,2024-02-24,subscription
62,2024-06-26,review
467,2024-03-06,login
580,2024-05-19,login
309,2024-05-09,review
772,2024-05-31,login
510,2024-04-20,subscription
572,2024-08-19,review
661,2024-01-04,review
467,2024-02-13,review
949,2024-07-02,login
550,2024-08-30,login
405,2024-08-01,login
654,2024-07-14,review
54,2024-01-13,review
51,2024-04-18,subscription
896,2024-04-15,login
33,2024-03-23,review
180,2024-05-15,subscription
954,2024-02-20,login
174,2024-01-12,login
468,2024-01-13,subscription
21,2024-05-25,review
86,2024-05-18,review
68,2024-01-03,review
548,2024-04-12,login
247,2024-03-23,review
165,2024-03-10,review
105,2024-08-02,subscription
435,2024-04-29,subscription
997,2024-04-23,login
870,2024-03-14,subscription
313,2024-02-11,login
34,2024-03-17,subscription
982,2024-08-16,subscription
316,2024-01-24,login
455,2024-05-27,review
116,2024-04-28,login
391,2024-03-07,review
593,2024-01-02,subscription
383,2024-07-24,login
899,2024-01-04,subscription
555,2024-04-05,review
426,2024-03-09,subscription
913,2024-04-12,review
437,2024-07-19,subscription
511,2024-01-29,subscription
21,2024-04-20,subscription
935,2024-04-05,review
461,2024-04-27,subscription
236,2024-04-04,subscription
741,2024-04-28,subscription
946,2024-04-20,login
986,2024-05-24,login
230,2024-05-12,subscription
747,2024-06-21,subscription
600,2024-07-24,review
47,2024-03-18,subscription
680,2024-07-20,subscription
867,2024-03-09,subscription
106,2024-05-18,login
987,2024-03-24,login
675,2024-06-01,subscription
789,2024-08-16,subscription
746,2024-08-01,review
589,2024-06-29,login
851,2024-04-05,login
527,2024-01-28,login
871,2024-02-12,review
872,2024-01-29,review
427,2024-07-30,login
506,2024-04-01,subscription
117,2024-01-22,subscription
913,2024-08-05,review
258,2024-03-25,subscription
422,2024-07-09,subscription
306,2024-04-29,login
685,2024-02-28,login
845,2024-04-16,review
67,2024-05-22,login
748,2024-03-23,subscription
687,2024-04-04,review
699,2024-02-04,subscription
758,2024-08-17,review
451,2024-04-25,review
321,2024-05-09,login
729,2024-06-02,subscription
372,2024-01-17,login
355,2024-08-08,login
174,2024-01-30,review
681,2024-05-09,review
429,2024-01-29,subscription
90,2024-07-28,login
429,2024-04-03,review
52,2024-04-21,review
401,2024-07-09,login
927,2024-08-23,review
685,2024-02-07,review
952,2024-01-26,subscription
288,2024-06-23,login
887,2024-06-27,login
834,2024-01-07,login
240,2024-07-04,login
531,2024-04-18,review
842,2024-07-01,login
621,2024-05-23,login
10,2024-05-23,review
889,2024-04-25,login
66,2024-02-20,review
207,2024-07-12,subscription
271,2024-09-03,review
682,2024-01-05,subscription
710,2024-02-10,review
334,2024-04-29,review
743,2024-02-28,review
16,2024-05-17,review
855,2024-06-07,login
93,2024-06-15,review
323,2024-03-25,review
975,2024-06-09,login
318,2024-05-17,review
75,2024-05-17,subscription
619,2024-05-18,subscription
679,2024-09-02,login
448,2024-05-08,subscription
892,2024-05-02,subscription
598,2024-06-04,subscription
875,2024-01-31,review
648,2024-03-11,subscription
151,2024-02-09,review
742,2024-07-19,review
473,2024-07-23,login
905,2024-06-06,review
605,2024-04-20,subscription
77,2024-07-26,login
499,2024-01-14,subscription
910,2024-03-08,review
536,2024-05-23,login
208,2024-06-19,login
687,2024-04-21,login
984,2024-02-26,review
772,2024-07-18,subscription
851,2024-03-12,review
303,2024-05-09,login
907,2024-05-25,subscription
808,2024-07-09,subscription
297,2024-08-16,review
183,2024-08-12,review
833,2024-08-19,subscription
108,2024-03-18,subscription
213,2024-02-13,review
41,2024-04-06,review
81,2024-07-26,review
833,2024-04-24,subscription
906,2024-01-07,review
588,2024-03-16,login
542,2024-08-14,subscription
21,2024-06-15,login
932,2024-03-22,login
359,2024-07-15,review
297,2024-05-09,login
870,2024-03-18,login
1,2024-04-15,login
846,2024-05-03,review
935,2024-01-11,subscription
316,2024-03-20,review
180,2024-03-07,subscription
455,2024-01-27,subscription
262,2024-07-06,review
832,2024-03-30,review
75,2024-05-01,subscription
751,2024-06-26,review
933,2024-08-03,subscription
360,2024-06-20,review
673,2024-06-22,review
857,2024-06-09,review
831,2024-01-25,review
123,2024-08-19,review
243,2024-06-17,subscription
111,2024-03-20,review
659,2024-08-30,login
792,2024-04-28,review
875,2024-05-22,review
575,2024-05-10,login
656,2024-05-31,login
897,2024-08-08,login
718,2024-04-10,review
112,2024-02-25,review
600,2024-07-15,login
186,2024-01-15,review
488,2024-07-01,review
590,2024-01-23,subscription
342,2024-01-06,review
654,2024-07-21,subscription
514,2024-06-22,review
581,2024-04-22,login
216,2024-04-08,subscription
631,2024-07-30,login
540,2024-06-08,review
639,2024-06-09,login
525,2024-05-21,login
415,2024-08-15,login
711,2024-04-14,subscription
659,2024-02-28,review
853,2024-06-09,login
148,2024-04-29,review
157,2024-01-17,review
915,2024-08-12,login
104,2024-02-06,subscription
203,2024-07-05,subscription
167,2024-06-09,login
241,2024-03-19,subscription
768,2024-03-11,review
254,2024-05-01,review
683,2024-09-02,review
171,2024-07-10,login
947,2024-07-04,login
182,2024-07-18,subscription
376,2024-02-04,review
921,2024-07-12,subscription
60,2024-08-01,subscription
932,2024-02-09,login
419,2024-01-29,subscription
693,2024-01-30,review
591,2024-09-01,login
790,2024-07-28,login
193,2024-07-24,subscription
971,2024-06-21,login
81,2024-03-31,subscription
333,2024-03-05,subscription
292,2024-04-23,review
455,2024-02-11,review
525,2024-05-16,review
828,2024-03-06,login
708,2024-02-27,subscription
710,2024-02-15,subscription
428,2024-04-02,login
376,2024-07-11,login
544,2024-07-30,subscription
389,2024-01-24,subscription
698,2024-05-31,login
501,2024-07-21,review
58,2024-08-02,login
173,2024-06-18,login
294,2024-06-02,subscription
692,2024-08-16,review
215,2024-08-19,login
151,2024-01-01,subscription
371,2024-01-23,review
685,2024-08-10,review
285,2024-06-23,review
697,2024-07-30,login
907,2024-06-22,review
29,2024-05-05,review
895,2024-07-24,review
509,2024-02-15,login
953,2024-01-08,subscription
331,2024-05-16,subscription
168,2024-06-07,subscription
243,2024-03-25,review
786,2024-03-02,review
568,2024-08-13,review
421,2024-05-04,review
362,2024-02-15,review
813,2024-06-15,review
924,2024-07-18,login
568,2024-08-08,review
291,2024-09-03,subscription
748,2024-07-26,review
742,2024-06-11,subscription
383,2024-01-06,subscription
236,2024-04-25,subscription
375,2024-03-31,review
753,2024-05-22,login
400,2024-02-13,subscription
103,2024-08-14,subscription
940,2024-08-11,subscription
81,2024-05-31,subscription
737,2024-07-17,subscription
689,2024-05-04,subscription
834,2024-02-10,login
717,2024-08-30,login
333,2024-07-05,review
242,2024-07-15,review
726,2024-05-13,login
187,2024-02-18,login
200,2024-03-23,login
391,2024-07-21,subscription
447,2024-04-13,login
549,2024-08-06,login
48,2024-08-07,subscription
871,2024-03-30,login
681,2024-05-15,review
607,2024-02-11,subscription
104,2024-04-17,login
729,2024-01-22,subscription
379,2024-05-17,login
953,2024-07-13,login
259,2024-02-21,login
984,2024-01-15,review
32,2024-01-10,login
569,2024-04-27,review
151,2024-07-15,subscription
947,2024-04-21,login
919,2024-05-29,subscription
455,2024-08-23,login
9,2024-04-26,review
88,2024-02-25,subscription
145,2024-04-06,review
964,2024-07-12,subscription
272,2024-07-22,login
572,2024-06-16,login
955,2024-02-04,review
359,2024-07-17,subscription
577,2024-02-14,review
409,2024-07-27,login
34,2024-06-23,review
760,2024-05-26,review
569,2024-06-23,login
275,2024-01-02,review
62,2024-08-24,review
32,2024-05-27,subscription
494,2024-02-19,subscription
32,2024-03-28,subscription
791,2024-03-08,subscription
297,2024-03-26,subscription
716,2024-07-02,subscription
673,2024-03-27,subscription
256,2024-04-13,subscription
685,2024-07-06,review
34,2024-03-18,subscription
867,2024-01-01,subscription
860,2024-06-09,login
885,2024-01-03,review
382,2024-06-11,subscription
662,2024-05-23,login
16,2024-09-01,login
228,2024-08-09,subscription
133,2024-02-08,review
238,2024-05-06,login
710,2024-08-27,review
479,2024-07-02,login
498,2024-01-21,login
511,2024-03-17,subscription
482,2024-01-07,subscription
870,2024-03-25,subscription
40,2024-07-25,review
409,2024-06-06,subscription
157,2024-05-28,subscription
453,2024-08-25,review
917,2024-04-18,review
904,2024-02-18,login
690,2024-01-22,subscription
214,2024-08-27,login
351,2024-07-06,subscription
182,2024-02-20,subscription
763,2024-02-20,login
599,2024-08-24,subscription
55,2024-04-25,subscription
556,2024-03-10,review
165,2024-01-03,login
486,2024-09-01,review
403,2024-05-21,subscription
442,2024-03-05,login
338,2024-02-29,review
564,2024-02-07,login
540,2024-06-23,subscription
74,2024-07-12,review
565,2024-05-07,subscription
909,2024-03-05,review
665,2024-08-22,subscription
142,2024-04-06,login
27,2024-05-16,login
420,2024-06-05,subscription
898,2024-06-06,subscription
193,2024-01-19,subscription
335,2024-07-20,login
936,2024-08-06,subscription
231,2024-02-03,login
842,2024-04-20,review
832,2024-05-13,review
705,2024-04-07,review
125,2024-06-13,subscription
136,2024-04-19,review
540,2024-04-17,review
907,2024-06-30,subscription
573,2024-06-17,review
220,2024-05-07,login
418,2024-06-04,login
381,2024-07-08,subscription
479,2024-08-13,login
484,2024-01-28,review
730,2024-01-20,subscription
864,2024-01-30,login
58,2024-05-08,review
992,2024-05-26,login
512,2024-02-11,login
424,2024-05-16,review
503,2024-05-22,subscription
820,2024-06-24,review
77,2024-06-05,login
652,2024-03-07,review
276,2024-03-23,subscription
708,2024-07-17,login
136,2024-06-16,login
885,2024-01-09,login
658,2024-07-11,login
1000,2024-07-18,subscription
953,2024-08-11,review
676,2024-06-19,review
99,2024-05-21,login
253,2024-06-18,review
917,2024-08-06,subscription
259,2024-05-27,subscription
263,2024-06-30,login
719,2024-01-03,login
976,2024-05-24,login
122,2024-03-04,review
351,2024-05-07,review
206,2024-02-04,subscription
419,2024-05-03,subscription
667,2024-01-25,login
776,2024-04-25,review
90,2024-04-14,review
140,2024-04-30,review
789,2024-05-07,login
34,2024-03-13,review
7,2024-01-22,login
54,2024-04-27,subscription
753,2024-07-29,review
829,2024-03-21,review
816,2024-02-25,review
605,2024-05-24,login
69,2024-03-20,login
509,2024-07-12,subscription
72,2024-02-14,review
212,2024-01-01,review
700,2024-05-26,subscription
171,2024-05-24,subscription
992,2024-07-17,subscription
344,2024-08-30,review
684,2024-06-01,review
589,2024-05-02,login
584,2024-04-02,review
178,2024-05-02,login
65,2024-06-15,subscription
266,2024-03-09,login
307,2024-04-23,review
855,2024-07-02,review
552,2024-02-23,login
419,2024-02-01,review
888,2024-06-11,subscription
833,2024-02-28,subscription
732,2024-02-23,login
15,2024-04-02,login
197,2024-07-12,review
332,2024-05-26,login
364,2024-06-23,review
5,2024-03-06,login
294,2024-01-15,review
477,2024-04-23,review
556,2024-06-27,review
626,2024-09-03,review
388,2024-05-29,subscription
168,2024-01-02,review
358,2024-06-20,login
795,2024-04-21,review
370,2024-07-01,review
931,2024-07-01,review
536,2024-02-18,login
857,2024-03-19,subscription
996,2024-08-10,login
735,2024-04-09,review
856,2024-07-24,review
915,2024-07-03,login
329,2024-01-13,review
734,2024-06-02,review
548,2024-01-01,review
80,2024-03-26,review
458,2024-06-20,login
487,2024-05-23,review
982,2024-05-22,subscription
739,2024-07-02,login
877,2024-05-31,subscription
701,2024-02-16,login
827,2024-04-08,subscription
270,2024-01-16,subscription
127,2024-06-09,login
363,2024-07-01,review
442,2024-03-07,subscription
372,2024-06-05,review
208,2024-08-17,subscription
266,2024-08-12,login
221,2024-03-26,review
519,2024-08-03,subscription
524,2024-08-01,login
21,2024-07-03,review
429,2024-05-21,login
8,2024-01-01,login
76,2024-02-13,login
846,2024-04-02,review
661,2024-06-08,subscription
832,2024-07-27,login
145,2024-04-29,subscription
556,2024-06-17,review
531,2024-05-09,login
379,2024-06-12,login
475,2024-08-01,login
504,2024-04-09,review
720,2024-05-16,subscription
73,2024-06-11,review
571,2024-02-01,login
268,2024-07-26,subscription
267,2024-08-13,review
753,2024-02-27,login
137,2024-05-25,subscription
565,2024-07-14,subscription
842,2024-03-21,subscription
514,2024-05-06,review
612,2024-03-12,review
127,2024-07-05,subscription
641,2024-04-16,login
792,2024-01-23,subscription
423,2024-08-20,subscription
751,2024-08-04,review
93,2024-04-17,login
795,2024-03-05,subscription
365,2024-06-15,subscription
990,2024-04-05,login
600,2024-02-29,subscription
935,2024-03-04,review
699,2024-08-12,login
506,2024-05-17,subscription
112,2024-04-13,review
776,2024-09-03,review
474,2024-01-02,review
514,2024-05-26,review
254,2024-06-13,login
638,2024-05-09,review
852,2024-06-18,login
53,2024-07-03,login
266,2024-03-30,review
460,2024-04-21,subscription
66,2024-05-14,subscription
486,2024-03-01,review
458,2024-03-15,login
788,2024-08-18,login
145,2024-05-03,login
773,2024-08-28,login
903,2024-02-19,login
494,2024-07-20,login
786,2024-04-04,review
728,2024-01-10,review
361,2024-06-30,review
7,2024-07-11,subscription
736,2024-03-13,subscription
561,2024-03-28,subscription
341,2024-03-21,subscription
489,2024-05-14,subscription
907,2024-08-12,subscription
784,2024-03-01,subscription
281,2024-01-22,review
210,2024-07-07,login
977,2024-06-15,review
530,2024-01-11,subscription
903,2024-05-01,subscription
876,2024-03-31,review
545,2024-05-30,subscription
672,2024-04-29,review
818,2024-08-04,subscription
43,2024-08-05,subscription
939,2024-07-15,subscription
78,2024-03-23,login
151,2024-03-14,subscription
274,2024-08-28,login
603,2024-01-05,subscription
855,2024-04-13,review
357,2024-08-17,subscription
585,2024-05-28,review
640,2024-02-21,subscription
79,2024-03-24,subscription
403,2024-05-08,review
458,2024-05-26,review
323,2024-01-14,review
686,2024-04-19,subscription
584,2024-06-21,subscription
561,2024-06-10,subscription
38,2024-05-27,review
968,2024-05-31,login
60,2024-02-08,review
784,2024-03-19,subscription
467,2024-03-15,login
905,2024-06-08,login
904,2024-08-20,subscription
258,2024-08-15,review
702,2024-02-20,login
683,2024-01-17,subscription
137,2024-06-10,subscription
714,2024-05-14,review
325,2024-05-11,login
276,2024-08-26,login
496,2024-02-20,review
684,2024-04-09,subscription
202,2024-03-10,review
106,2024-08-29,login
847,2024-01-01,review
38,2024-07-19,login
957,2024-06-04,review
193,2024-05-24,subscription
764,2024-02-15,review
468,2024-05-10,review
248,2024-07-05,subscription
819,2024-05-27,login
723,2024-06-02,subscription
769,2024-04-17,review
419,2024-07-06,review
918,2024-04-02,login
19,2024-05-22,review
131,2024-08-31,subscription
430,2024-07-26,login
128,2024-08-21,login
431,2024-03-31,review
626,2024-01-24,login
630,2024-05-20,subscription
1000,2024-06-12,subscription
819,2024-04-07,subscription
744,2024-05-28,subscription
920,2024-02-16,review
304,2024-08-10,subscription
960,2024-08-29,review
353,2024-08-18,subscription
578,2024-06-21,review
912,2024-06-22,review
282,2024-01-02,subscription
456,2024-04-01,login
730,2024-06-05,login
353,2024-05-09,subscription
848,2024-02-09,subscription
508,2024-06-29,review
149,2024-04-13,review
859,2024-01-20,login
67,2024-04-22,review
967,2024-07-01,login
662,2024-02-04,subscription
270,2024-08-27,login
452,2024-01-09,subscription
670,2024-01-05,login
379,2024-03-31,subscription
653,2024-03-12,review
509,2024-06-20,login
337,2024-06-12,login
383,2024-01-15,login
394,2024-03-01,review
766,2024-02-24,review
841,2024-02-06,review
644,2024-05-19,login
837,2024-04-26,subscription
362,2024-06-26,review
970,2024-02-06,subscription
958,2024-05-05,login
383,2024-04-25,login
371,2024-08-24,review
984,2024-03-23,login
798,2024-05-21,subscription
917,2024-06-21,review
826,2024-02-15,subscription
722,2024-05-16,subscription
420,2024-04-03,login
888,2024-08-22,login
584,2024-04-09,review
568,2024-02-15,subscription
789,2024-07-26,review
917,2024-07-18,login
508,2024-07-17,subscription
977,2024-02-14,subscription
511,2024-04-01,review
54,2024-04-14,subscription
754,2024-03-06,subscription
461,2024-07-18,review
612,2024-02-28,login
535,2024-05-29,review
780,2024-01-30,login
259,2024-06-25,subscription
697,2024-05-25,login
699,2024-05-22,review
223,2024-02-23,review
901,2024-07-12,review
952,2024-02-29,login
864,2024-04-10,login
554,2024-06-14,subscription
126,2024-08-14,login
412,2024-08-19,login
333,2024-05-05,login
244,2024-02-02,login
324,2024-07-16,subscription
296,2024-08-07,review
185,2024-02-02,login
198,2024-01-28,review
140,2024-01-12,review
313,2024-06-21,review
121,2024-05-13,review
165,2024-07-17,review
718,2024-04-20,subscription
470,2024-02-03,review
437,2024-01-26,review
898,2024-07-14,subscription
293,2024-05-06,login
443,2024-01-07,login
338,2024-04-26,subscription
600,2024-07-14,review
743,2024-07-04,review
718,2024-04-26,review
960,2024-06-08,subscription
309,2024-08-23,review
636,2024-02-08,review
979,2024-03-10,login
116,2024-02-17,review
147,2024-02-06,subscription
606,2024-04-22,review
705,2024-04-16,login
890,2024-09-02,review
563,2024-07-16,subscription
344,2024-06-30,subscription
186,2024-07-28,login
125,2024-05-08,login
968,2024-04-05,review
680,2024-04-14,login
910,2024-01-25,review
650,2024-08-18,review
413,2024-05-10,review
145,2024-07-10,subscription
36,2024-07-13,review
300,2024-06-13,review
399,2024-04-27,review
778,2024-05-18,login
673,2024-02-27,subscription
608,2024-09-03,subscription
799,2024-01-13,subscription
549,2024-06-25,subscription
990,2024-07-22,login
941,2024-05-17,subscription
928,2024-08-24,login
595,2024-02-01,login
875,2024-01-29,login
10,2024-06-18,subscription
501,2024-02-15,subscription
816,2024-01-05,review
710,2024-04-25,subscription
399,2024-03-03,review
15,2024-05-24,login
441,2024-08-13,subscription
980,2024-06-22,review
751,2024-07-06,subscription
280,2024-01-20,review
645,2024-02-11,login
464,2024-03-05,login
265,2024-01-06,review
353,2024-02-10,login
593,2024-08-08,login
743,2024-07-14,review
608,2024-02-28,subscription
932,2024-04-05,review
929,2024-05-25,subscription
130,2024-07-29,subscription
837,2024-07-25,review
649,2024-07-09,review
99,2024-08-07,review
972,2024-01-15,login
42,2024-03-18,login
285,2024-04-13,subscription
855,2024-04-13,login
582,2024-04-07,subscription
512,2024-01-03,login
159,2024-07-22,subscription
739,2024-01-04,review
528,2024-07-03,subscription
957,2024-08-27,subscription
576,2024-07-30,subscription
48,2024-05-04,login
942,2024-02-08,login
964,2024-04-11,review
934,2024-03-19,review
839,2024-07-01,subscription
363,2024-06-12,subscription
674,2024-06-17,review
106,2024-06-26,login
422,2024-02-26,login
164,2024-02-25,subscription
539,2024-07-05,review
242,2024-03-01,login
311,2024-01-12,review
387,2024-04-10,subscription
463,2024-04-15,subscription
261,2024-08-03,subscription
945,2024-05-08,review
6,2024-02-05,subscription
949,2024-03-04,review
472,2024-06-26,subscription
118,2024-02-09,review
90,2024-06-06,subscription
13,2024-03-23,review
942,2024-08-25,subscription
102,2024-04-09,login
975,2024-07-21,login
277,2024-08-22,subscription
606,2024-07-15,login
541,2024-07-14,subscription
397,2024-01-24,review
974,2024-07-18,review
286,2024-03-24,subscription
73,2024-03-31,subscription
471,2024-05-17,login
569,2024-07-28,login
997,2024-05-07,review
392,2024-08-22,subscription
424,2024-06-09,login
202,2024-08-04,subscription
464,2024-03-12,subscription
837,2024-08-03,review
681,2024-08-26,login
636,2024-06-25,subscription
926,2024-08-18,login
410,2024-03-02,review
457,2024-06-30,login
660,2024-08-01,review
449,2024-02-05,login
799,2024-07-23,subscription
94,2024-05-28,login
428,2024-09-01,review
566,2024-08-26,review
878,2024-06-07,subscription
217,2024-08-28,review
480,2024-08-25,review
430,2024-06-29,review
369,2024-04-16,review
533,2024-08-13,review
135,2024-08-04,subscription
965,2024-01-24,subscription
940,2024-04-26,login
460,2024-07-20,review
60,2024-05-16,subscription
702,2024-07-13,review
254,2024-03-20,review
197,2024-01-14,review
20,2024-05-01,subscription
284,2024-04-05,subscription
75,2024-01-06,login
214,2024-02-26,review
582,2024-08-06,review
475,2024-06-15,subscription
227,2024-04-06,subscription
222,2024-06-09,subscription
712,2024-04-10,subscription
440,2024-07-13,review
817,2024-07-31,review
414,2024-03-04,subscription
309,2024-06-27,subscription
262,2024-02-09,login
865,2024-03-12,subscription
990,2024-06-12,review
909,2024-06-03,review
519,2024-03-05,login
906,2024-03-23,login
350,2024-07-06,subscription
870,2024-01-15,login
335,2024-05-15,login
608,2024-07-10,review
132,2024-06-21,login
971,2024-09-01,login
253,2024-06-13,login
627,2024-04-18,review
820,2024-06-30,login
508,2024-04-08,review
274,2024-08-04,login
504,2024-05-03,login
646,2024-06-16,login
47,2024-08-21,subscription
306,2024-07-18,subscription
746,2024-06-01,login
715,2024-06-18,subscription
86,2024-08-12,login
276,2024-05-28,subscription
415,2024-02-19,subscription
878,2024-05-17,review
945,2024-06-30,subscription
415,2024-06-09,subscription
610,2024-01-05,subscription
100,2024-01-12,review
741,2024-08-15,subscription
393,2024-07-30,subscription
985,2024-03-12,review
621,2024-07-17,review
89,2024-08-11,subscription
492,2024-02-01,subscription
922,2024-07-30,subscription
484,2024-05-28,review
777,2024-08-21,subscription
323,2024-05-21,login
783,2024-08-05,login
629,2024-08-30,subscription
718,2024-04-24,subscription
232,2024-04-25,subscription
190,2024-07-24,review
417,2024-06-12,review
918,2024-03-29,login
69,2024-02-02,subscription
808,2024-07-12,review
687,2024-05-30,subscription
218,2024-01-18,review
460,2024-08-09,login
262,2024-03-01,subscription
769,2024-05-11,review
412,2024-01-06,review
559,2024-03-03,login
91,2024-08-23,login
226,2024-02-14,login
321,2024-07-05,login
295,2024-07-01,subscription
659,2024-08-20,subscription
871,2024-08-25,subscription
807,2024-05-01,subscription
715,2024-08-20,subscription
196,2024-03-29,review
1000,2024-02-25,subscription
11,2024-04-20,review
460,2024-07-28,login
863,2024-07-24,subscription
123,2024-02-12,login
22,2024-01-22,login
945,2024-05-10,login
941,2024-04-28,login
827,2024-07-28,subscription
220,2024-05-06,login
521,2024-01-25,subscription
437,2024-03-29,login
247,2024-02-21,review
576,2024-03-25,review
848,2024-05-04,login
735,2024-07-14,login
226,2024-07-22,review
699,2024-01-26,review
633,2024-06-27,review
68,2024-02-28,subscription
234,2024-07-21,login
335,2024-02-24,subscription
616,2024-03-09,review
395,2024-04-21,review
390,2024-07-22,login
386,2024-05-01,login
688,2024-02-02,login
175,2024-05-08,login
891,2024-07-16,login
671,2024-01-13,login
951,2024-06-16,login
620,2024-03-24,login
283,2024-03-20,subscription
644,2024-08-06,login
822,2024-07-19,subscription
345,2024-06-19,login
641,2024-02-22,subscription
688,2024-02-21,subscription
969,2024-02-29,subscription
264,2024-07-02,review
284,2024-02-18,login
578,2024-06-07,review
943,2024-02-08,subscription
896,2024-07-24,review
530,2024-07-25,subscription
60,2024-03-19,login
116,2024-08-25,subscription
983,2024-08-17,subscription
392,2024-02-18,review
941,2024-06-06,login
665,2024-04-29,login
165,2024-05-18,subscription
103,2024-06-10,subscription
178,2024-03-10,review
520,2024-02-21,subscription
991,2024-02-22,subscription
975,2024-01-02,review
410,2024-02-22,review
141,2024-08-30,review
607,2024-08-31,subscription
881,2024-03-04,login
213,2024-04-26,login
532,2024-04-25,subscription
877,2024-07-02,review
793,2024-06-08,subscription
596,2024-03-18,subscription
440,2024-08-02,subscription
127,2024-02-23,subscription
907,2024-04-16,review
879,2024-02-04,login
49,2024-03-09,review
789,2024-02-26,subscription
313,2024-04-17,review
395,2024-01-30,review
451,2024-05-23,login
211,2024-03-26,login
974,2024-07-31,subscription
816,2024-08-25,login
456,2024-08-15,subscription
281,2024-06-04,subscription
179,2024-04-19,login
349,2024-04-01,subscription
269,2024-07-30,login
533,2024-02-20,login
968,2024-02-25,login
249,2024-03-23,review
861,2024-05-24,subscription
842,2024-08-02,review
199,2024-06-10,subscription
115,2024-04-17,subscription
807,2024-06-18,review
312,2024-06-16,subscription
936,2024-05-09,login
201,2024-05-18,subscription
573,2024-08-20,review
849,2024-06-06,login
512,2024-04-04,review
261,2024-08-24,review
528,2024-06-14,subscription
973,2024-08-18,login
603,2024-06-08,login
599,2024-01-26,subscription
161,2024-04-18,login
471,2024-02-05,subscription
813,2024-05-14,login
610,2024-04-07,login
480,2024-06-10,login
878,2024-01-09,review
597,2024-08-14,subscription
27,2024-06-14,login
761,2024-05-23,review
564,2024-07-15,login
191,2024-06-29,subscription
501,2024-04-25,login
80,2024-01-01,subscription
680,2024-03-31,login
163,2024-04-04,review
435,2024-02-18,review
403,2024-08-21,subscription
73,2024-01-02,subscription
51,2024-03-25,review
190,2024-04-15,login
25,2024-01-30,login
765,2024-07-23,login
513,2024-04-13,review
589,2024-08-02,review
370,2024-02-14,login
463,2024-04-25,subscription
459,2024-03-22,review
800,2024-04-17,review
922,2024-01-02,review
895,2024-07-17,login
232,2024-08-24,login
508,2024-08-02,subscription
84,2024-04-27,review
702,2024-09-02,login
5,2024-06-03,login
161,2024-05-31,review
276,2024-05-28,login
683,2024-03-23,review
572,2024-07-18,review
486,2024-01-07,login
999,2024-07-27,review
696,2024-01-11,subscription
532,2024-08-17,review
567,2024-05-11,review
918,2024-08-04,review
181,2024-01-12,subscription
376,2024-04-26,login
662,2024-05-05,login
44,2024-05-11,review
31,2024-06-22,login
169,2024-05-20,review
999,2024-03-06,review
692,2024-03-25,subscription
940,2024-04-19,subscription
985,2024-03-22,review
509,2024-03-19,review
622,2024-01-22,login
397,2024-05-30,subscription
254,2024-03-03,review
228,2024-05-28,login
516,2024-06-30,review
717,2024-04-02,subscription
51,2024-03-19,login
536,2024-01-11,review
301,2024-03-11,login
153,2024-04-21,login
711,2024-07-13,subscription
16,2024-05-13,login
823,2024-02-05,review
17,2024-03-15,review
772,2024-02-15,subscription
114,2024-04-13,review
967,2024-01-19,review
971,2024-01-29,review
853,2024-07-23,login
756,2024-08-22,review
927,2024-08-17,review
508,2024-03-08,subscription
368,2024-04-12,subscription
685,2024-07-14,subscription
476,2024-01-05,subscription
981,2024-08-18,subscription
167,2024-02-17,login
140,2024-02-03,subscription
97,2024-07-06,review
336,2024-02-11,review
526,2024-06-07,login
443,2024-09-01,subscription
349,2024-07-21,review
833,2024-04-15,review
815,2024-05-28,subscription
664,2024-04-27,review
796,2024-02-22,review
659,2024-07-05,login
756,2024-07-11,subscription
117,2024-08-02,subscription
579,2024-03-27,subscription
751,2024-02-26,review
375,2024-02-02,login
10,2024-04-09,review
985,2024-07-14,subscription
737,2024-07-12,login
202,2024-01-06,review
366,2024-05-02,login
785,2024-02-22,review
744,2024-06-17,subscription
92,2024-07-07,review
156,2024-04-01,login
789,2024-03-28,review
637,2024-06-02,subscription
496,2024-08-19,subscription
881,2024-04-29,login
869,2024-04-25,subscription
256,2024-05-07,review
360,2024-04-01,subscription
610,2024-02-07,subscription
451,2024-01-02,subscription
76,2024-02-10,review
116,2024-04-05,login
737,2024-08-10,review
354,2024-08-26,login
538,2024-04-18,review
42,2024-05-09,review
661,2024-05-09,login
315,2024-08-12,subscription
921,2024-06-28,login
829,2024-09-01,review
983,2024-05-12,subscription
505,2024-01-30,review
16,2024-01-13,subscription
203,2024-08-03,login
235,2024-04-03,subscription
508,2024-05-16,subscription
245,2024-06-21,login
72,2024-07-16,subscription
927,2024-04-29,review
981,2024-07-10,login
393,2024-08-23,subscription
26,2024-07-22,subscription
1000,2024-07-28,review
76,2024-04-02,login
924,2024-08-28,review
978,2024-02-29,login
475,2024-03-02,login
419,2024-03-20,subscription
833,2024-01-17,login
605,2024-08-06,subscription
420,2024-02-02,login
772,2024-05-28,login
223,2024-05-14,login
294,2024-05-23,subscription
172,2024-03-07,login
654,2024-06-27,login
914,2024-07-10,login
616,2024-04-29,review
65,2024-08-19,login
553,2024-05-16,review
790,2024-03-26,login
654,2024-03-22,login
662,2024-08-19,login
958,2024-06-07,login
427,2024-01-22,login
537,2024-05-30,login
322,2024-05-25,review
361,2024-07-02,login
912,2024-01-24,review
349,2024-05-15,login
608,2024-08-06,review
766,2024-02-28,subscription
296,2024-08-28,subscription
59,2024-02-22,review
178,2024-03-17,login
282,2024-07-08,login
120,2024-03-15,subscription
327,2024-03-03,review
156,2024-04-20,review
340,2024-03-29,login
519,2024-08-11,review
404,2024-05-08,login
975,2024-03-11,subscription
181,2024-06-02,subscription
848,2024-02-17,login
307,2024-01-05,login
379,2024-06-18,review
646,2024-07-27,review
224,2024-03-19,login
133,2024-06-30,login
204,2024-05-13,review
600,2024-07-30,review
584,2024-08-26,subscription
777,2024-01-18,subscription
112,2024-06-30,review
121,2024-01-27,subscription
297,2024-04-08,review
87,2024-01-01,login
224,2024-01-17,login
404,2024-03-21,review
107,2024-08-12,subscription
499,2024-08-23,login
159,2024-03-29,login
779,2024-03-14,subscription
830,2024-02-08,login
210,2024-06-18,review
194,2024-01-20,login
106,2024-05-14,subscription
848,2024-08-20,review
689,2024-08-17,subscription
757,2024-04-12,login
472,2024-02-27,subscription
201,2024-01-21,subscription
188,2024-07-22,review
874,2024-03-09,subscription
570,2024-08-13,subscription
137,2024-04-28,subscription
637,2024-01-28,login
116,2024-07-22,login
709,2024-02-23,login
862,2024-01-25,subscription
463,2024-02-22,review
60,2024-01-19,login
20,2024-05-25,subscription
623,2024-04-13,subscription
751,2024-06-14,subscription
632,2024-07-26,login
141,2024-07-04,login
358,2024-07-17,login
637,2024-03-02,login
307,2024-02-20,review
11,2024-03-12,subscription
815,2024-08-03,review
18,2024-05-08,review
318,2024-01-10,login
222,2024-01-31,subscription
6,2024-02-16,subscription
108,2024-01-12,login
250,2024-07-31,subscription
734,2024-04-04,login
698,2024-04-24,login
320,2024-04-23,login
577,2024-06-21,subscription
978,2024-07-09,subscription
993,2024-04-04,review
148,2024-08-19,subscription
16,2024-07-08,login
83,2024-07-06,login
827,2024-02-17,login
889,2024-03-22,login
837,2024-03-12,subscription
828,2024-04-22,review
953,2024-02-29,review
39,2024-06-27,login
75,2024-08-23,review
659,2024-04-11,subscription
343,2024-04-19,subscription
998,2024-02-17,login
9,2024-06-09,review
768,2024-01-15,review
709,2024-09-02,login
225,2024-02-27,login
285,2024-02-20,login
90,2024-08-12,subscription
870,2024-06-13,subscription
781,2024-01-24,subscription
983,2024-02-02,review
60,2024-01-10,login
302,2024-05-04,subscription
515,2024-03-12,subscription
902,2024-07-03,subscription
741,2024-01-03,login
959,2024-01-01,subscription
907,2024-07-21,login
354,2024-08-18,login
597,2024-07-06,review
260,2024-04-17,subscription
93,2024-05-22,review
473,2024-08-18,login
490,2024-04-16,subscription
316,2024-07-24,login
1,2024-03-31,login
961,2024-05-10,review
398,2024-07-14,login
350,2024-08-02,review
121,2024-02-15,subscription
736,2024-07-28,subscription
318,2024-04-25,subscription
906,2024-05-28,subscription
918,2024-06-27,login
684,2024-03-28,login
830,2024-07-25,review
196,2024-05-28,login
635,2024-06-21,review
713,2024-06-02,subscription
740,2024-03-23,review
713,2024-04-18,login
629,2024-04-06,review
31,2024-03-06,review
212,2024-03-20,review
179,2024-01-24,review
164,2024-06-05,login
679,2024-01-16,login
602,2024-06-23,review
963,2024-02-27,review
816,2024-02-23,subscription
773,2024-08-22,review
866,2024-03-27,subscription
509,2024-03-19,review
410,2024-06-23,subscription
635,2024-08-18,review
393,2024-07-29,subscription
448,2024-05-17,login
671,2024-08-21,review
789,2024-06-26,subscription
800,2024-03-17,subscription
883,2024-05-16,review
19,2024-08-28,subscription
199,2024-06-14,subscription
885,2024-06-19,subscription
848,2024-02-26,login
957,2024-07-17,subscription
895,2024-03-16,login
895,2024-08-12,login
560,2024-07-23,review
691,2024-07-31,subscription
251,2024-01-13,login
803,2024-07-09,review
540,2024-05-13,login
928,2024-07-29,login
529,2024-05-16,review
790,2024-07-05,subscription
946,2024-04-18,login
944,2024-04-24,subscription
656,2024-03-20,subscription
523,2024-09-02,subscription
716,2024-08-07,login
203,2024-03-23,subscription
971,2024-06-03,login
753,2024-04-24,subscription
307,2024-06-07,login
488,2024-03-15,login
744,2024-01-03,login
307,2024-07-27,review
56,2024-02-13,subscription
724,2024-07-04,review
209,2024-04-27,subscription
384,2024-03-13,login
425,2024-06-20,subscription
942,2024-04-06,subscription
443,2024-07-01,login
181,2024-03-14,login
995,2024-07-20,login
535,2024-08-04,login
410,2024-04-17,login
419,2024-04-02,login
769,2024-02-28,login
17,2024-04-18,review
220,2024-06-03,review
201,2024-05-22,review
411,2024-02-10,login
676,2024-01-04,review
445,2024-06-07,subscription
382,2024-04-28,subscription
394,2024-04-23,login
191,2024-03-25,review
363,2024-07-21,subscription
508,2024-08-30,login
803,2024-03-18,subscription
178,2024-02-03,login
286,2024-08-30,subscription
901,2024-04-19,login
443,2024-01-31,review
896,2024-06-06,review
405,2024-08-12,subscription
146,2024-05-21,login
438,2024-02-29,subscription
30,2024-01-06,login
56,2024-07-29,subscription
851,2024-06-27,review
999,2024-04-30,subscription
104,2024-06-13,subscription
357,2024-01-12,login
168,2024-01-19,subscription
78,2024-01-24,subscription
961,2024-04-26,review
526,2024-02-23,review
282,2024-08-22,review
568,2024-07-22,login
913,2024-01-31,login
999,2024-05-16,login
704,2024-06-04,review
914,2024-02-28,subscription
103,2024-05-09,review
959,2024-05-07,review
79,2024-03-10,login
230,2024-03-16,review
859,2024-04-19,login
492,2024-09-01,review
566,2024-07-17,login
439,2024-06-11,review
680,2024-04-26,review
580,2024-08-15,subscription
132,2024-04-28,review
723,2024-02-05,login
897,2024-01-01,subscription
109,2024-09-02,review
573,2024-08-21,review
181,2024-07-25,login
425,2024-03-02,login
856,2024-06-04,login
856,2024-04-15,review
228,2024-02-15,subscription
110,2024-07-31,review
175,2024-01-05,login
873,2024-02-24,subscription
46,2024-07-14,login
193,2024-05-01,subscription
650,2024-06-10,review
605,2024-08-25,subscription
229,2024-08-21,review
821,2024-05-04,review
693,2024-08-23,login
765,2024-06-15,subscription
884,2024-07-27,login
964,2024-03-14,subscription
810,2024-02-21,review
133,2024-06-12,subscription
1,2024-04-09,subscription
365,2024-05-31,subscription
894,2024-06-03,review
697,2024-07-20,subscription
600,2024-06-26,login
895,2024-06-28,subscription
657,2024-07-22,subscription
476,2024-02-29,login
198,2024-03-20,login
830,2024-06-20,subscription
946,2024-05-05,subscription
890,2024-03-24,subscription
250,2024-05-30,login
153,2024-02-01,login
950,2024-07-23,subscription
453,2024-05-24,review
53,2024-04-10,login
971,2024-04-10,login
89,2024-03-29,review
592,2024-04-07,review
816,2024-05-01,review
796,2024-02-09,review
640,2024-05-01,subscription
717,2024-01-15,subscription
533,2024-06-16,login
205,2024-04-21,subscription
97,2024-01-29,login
252,2024-02-20,subscription
752,2024-01-01,login
894,2024-06-29,subscription
798,2024-08-30,review
574,2024-05-19,review
371,2024-03-15,login
452,2024-02-13,subscription
954,2024-08-13,login
928,2024-03-18,login
854,2024-05-15,review
200,2024-01-12,login
506,2024-07-24,review
398,2024-04-23,subscription
514,2024-04-05,login
70,2024-03-19,subscription
467,2024-06-27,subscription
441,2024-08-13,login
652,2024-08-25,login
777,2024-07-31,review
138,2024-06-14,subscription
205,2024-02-26,login
928,2024-03-04,review
266,2024-05-11,subscription
604,2024-07-23,login
289,2024-02-28,subscription
519,2024-01-02,login
78,2024-07-08,subscription
621,2024-06-05,login
688,2024-06-16,review
903,2024-02-15,login
922,2024-06-09,login
798,2024-03-19,subscription
115,2024-03-30,login
747,2024-08-01,login
235,2024-02-08,subscription
517,2024-05-07,subscription
432,2024-01-06,subscription
707,2024-04-19,subscription
193,2024-03-01,review
27,2024-07-12,login
758,2024-02-20,review
320,2024-05-27,subscription
831,2024-09-01,review
926,2024-01-17,subscription
273,2024-01-22,review
889,2024-05-27,subscription
206,2024-03-25,login
6,2024-07-18,login
85,2024-08-15,login
482,2024-04-29,review
108,2024-08-20,login
544,2024-05-22,subscription
569,2024-04-26,review
866,2024-03-27,login
543,2024-08-29,subscription
533,2024-02-22,review
871,2024-07-16,review
40,2024-04-22,login
935,2024-05-04,subscription
529,2024-06-12,login
635,2024-07-06,review
268,2024-07-31,subscription
220,2024-08-24,review
28,2024-01-17,review
817,2024-06-29,subscription
488,2024-08-29,login
292,2024-04-22,review
495,2024-08-10,login
342,2024-01-24,login
663,2024-05-19,review
136,2024-01-04,login
17,2024-06-26,login
166,2024-08-17,login
509,2024-02-18,subscription
849,2024-02-14,login
752,2024-07-25,login
503,2024-08-16,login
632,2024-07-26,review
864,2024-03-19,login
212,2024-05-31,login
618,2024-06-23,subscription
952,2024-03-16,subscription
762,2024-02-05,review
822,2024-01-09,subscription
231,2024-03-23,review
315,2024-07-03,subscription
889,2024-06-01,subscription
679,2024-03-03,login
701,2024-06-03,review
601,2024-07-24,login
649,2024-08-14,review
999,2024-06-16,review
994,2024-05-09,review
405,2024-08-03,subscription
479,2024-03-29,subscription
51,2024-02-08,review
414,2024-02-12,review
409,2024-01-14,review
942,2024-04-18,review
90,2024-02-28,review
770,2024-04-05,login
213,2024-01-30,login
54,2024-04-16,login
769,2024-01-24,login
28,2024-04-13,review
821,2024-05-17,login
806,2024-04-22,subscription
65,2024-09-02,subscription
435,2024-08-13,subscription
149,2024-01-29,subscription
757,2024-05-04,subscription
896,2024-06-12,login
647,2024-05-23,login
329,2024-08-12,review
487,2024-08-16,review
481,2024-06-15,subscription
513,2024-08-07,review
888,2024-08-04,review
972,2024-02-18,review
523,2024-05-13,review
191,2024-02-05,review
951,2024-07-11,review
970,2024-07-11,review
912,2024-06-11,review
361,2024-08-25,review
34,2024-01-31,review
205,2024-06-18,review
471,2024-07-08,review
643,2024-05-25,subscription
373,2024-04-28,subscription
143,2024-04-01,subscription
265,2024-04-26,subscription
128,2024-07-14,review
781,2024-02-29,subscription
975,2024-05-25,subscription
902,2024-06-20,login
784,2024-05-20,login
442,2024-01-09,subscription
105,2024-07-16,login
20,2024-02-17,subscription
588,2024-03-16,review
355,2024-01-03,subscription
968,2024-02-07,login
464,2024-01-26,login
297,2024-07-12,login
118,2024-03-26,review
773,2024-05-28,review
611,2024-07-28,review
578,2024-04-04,subscription
820,2024-01-30,subscription
856,2024-05-03,subscription
607,2024-03-08,login
499,2024-06-18,subscription
146,2024-05-24,subscription
95,2024-07-25,login
386,2024-09-01,review
39,2024-06-06,review
300,2024-02-21,review
465,2024-01-06,login
184,2024-02-10,subscription
415,2024-07-06,login
659,2024-08-20,review
973,2024-02-23,review
34,2024-04-10,login
729,2024-08-24,subscription
301,2024-06-24,login
674,2024-07-24,login
310,2024-07-12,subscription
863,2024-04-04,login
408,2024-01-27,subscription
92,2024-02-17,subscription
339,2024-05-02,login
47,2024-01-28,subscription
118,2024-03-18,subscription
936,2024-05-26,subscription
11,2024-02-08,subscription
365,2024-04-13,login
433,2024-05-01,subscription
913,2024-03-27,subscription
414,2024-01-29,subscription
749,2024-03-01,login
397,2024-01-11,subscription
890,2024-03-16,login
335,2024-03-20,subscription
750,2024-01-11,login
572,2024-08-30,review
874,2024-04-11,subscription
8,2024-04-29,subscription
653,2024-05-21,login
955,2024-06-28,review
945,2024-08-04,login
699,2024-06-29,subscription
754,2024-08-12,subscription
408,2024-04-27,subscription
509,2024-01-15,login
658,2024-02-04,subscription
442,2024-02-26,subscription
308,2024-04-15,subscription
390,2024-05-27,subscription
611,2024-03-23,subscription
733,2024-02-21,subscription
174,2024-01-29,review
40,2024-01-07,subscription
202,2024-02-07,subscription
300,2024-06-07,subscription
611,2024-08-30,login
243,2024-01-27,subscription
390,2024-04-21,review
100,2024-07-12,subscription
703,2024-01-25,login
655,2024-01-09,review
506,2024-06-08,subscription
172,2024-01-12,review
522,2024-07-08,review
368,2024-01-21,review
344,2024-04-12,subscription
853,2024-04-04,login
649,2024-04-17,subscription
128,2024-03-28,login
125,2024-07-11,review
793,2024-05-20,subscription
809,2024-02-10,subscription
992,2024-08-07,subscription
805,2024-01-30,review
809,2024-01-31,review
830,2024-02-02,review
318,2024-07-04,login
845,2024-07-15,subscription
883,2024-04-14,review
468,2024-01-14,subscription
748,2024-01-12,review
655,2024-06-06,subscription
510,2024-01-01,subscription
167,2024-02-23,subscription
2,2024-07-28,login
389,2024-01-26,login
844,2024-06-14,login
781,2024-03-03,review
282,2024-02-27,review
756,2024-04-08,login
580,2024-04-11,subscription
876,2024-05-03,subscription
262,2024-01-09,subscription
595,2024-02-24,review
187,2024-04-25,subscription
821,2024-05-08,login
93,2024-05-29,review
760,2024-05-06,subscription
819,2024-05-04,review
512,2024-02-09,login
537,2024-07-23,login
843,2024-02-27,login
482,2024-08-22,subscription
361,2024-01-30,login
406,2024-06-10,subscription
644,2024-07-22,subscription
998,2024-08-28,login
260,2024-03-30,review
779,2024-06-25,review
651,2024-08-18,login
347,2024-07-17,subscription
49,2024-05-12,login
219,2024-01-20,review
810,2024-03-31,review
704,2024-08-12,login
432,2024-03-18,login
621,2024-03-17,subscription
766,2024-09-01,login
309,2024-02-03,login
386,2024-02-26,review
291,2024-05-04,login
562,2024-08-25,subscription
361,2024-07-22,subscription
668,2024-01-13,login
624,2024-05-10,review
116,2024-06-15,review
858,2024-07-30,login
292,2024-08-28,subscription
120,2024-05-13,subscription
891,2024-07-29,login
544,2024-03-16,login
950,2024-06-22,review
103,2024-02-25,review
515,2024-05-04,review
766,2024-01-27,login
948,2024-04-29,review
672,2024-06-28,review
45,2024-02-29,subscription
797,2024-05-20,review
916,2024-08-19,subscription
690,2024-01-25,login
284,2024-06-23,review
576,2024-06-19,review
922,2024-08-16,login
598,2024-05-25,subscription
508,2024-01-20,subscription
959,2024-05-25,login
76,2024-05-27,login
663,2024-05-07,review
462,2024-05-25,subscription
202,2024-09-01,review
366,2024-08-29,subscription
577,2024-06-24,login
83,2024-08-08,subscription
543,2024-06-15,review
637,2024-06-01,subscription
859,2024-08-28,subscription
34,2024-01-10,login
90,2024-01-21,review
96,2024-08-06,login
919,2024-02-17,login
8,2024-02-01,login
47,2024-05-09,login
435,2024-05-22,subscription
325,2024-01-30,review
580,2024-08-21,review
400,2024-05-06,login
90,2024-04-20,subscription
330,2024-01-10,login
535,2024-03-26,subscription
385,2024-02-03,subscription
501,2024-01-18,review
722,2024-04-15,subscription
971,2024-06-22,subscription
659,2024-04-07,subscription
897,2024-08-20,subscription
971,2024-01-08,subscription
417,2024-03-22,review
95,2024-06-16,review
698,2024-06-13,login
697,2024-05-13,subscription
775,2024-07-26,review
347,2024-04-18,login
48,2024-02-13,subscription
222,2024-04-23,subscription
630,2024-02-24,login
645,2024-02-26,subscription
702,2024-05-13,subscription
100,2024-07-26,review
433,2024-09-01,login
110,2024-06-28,subscription
347,2024-06-17,login
670,2024-04-22,review
539,2024-04-04,login
435,2024-08-03,subscription
439,2024-07-12,login
975,2024-01-06,subscription
987,2024-02-07,review
838,2024-04-22,review
680,2024-08-08,login
273,2024-02-11,subscription
796,2024-08-17,login
471,2024-03-21,login
309,2024-07-25,review
141,2024-05-21,subscription
496,2024-07-29,login
553,2024-04-24,review
253,2024-06-07,review
48,2024-08-18,subscription
716,2024-07-14,review
438,2024-03-31,login
643,2024-04-28,review
263,2024-08-16,subscription
850,2024-02-23,review
993,2024-01-26,login
464,2024-04-12,subscription
397,2024-03-17,review
787,2024-02-27,login
807,2024-04-25,login
654,2024-06-02,login
13,2024-01-19,login
736,2024-08-26,subscription
610,2024-04-26,review
182,2024-07-06,login
920,2024-03-31,review
197,2024-03-07,review
951,2024-06-17,subscription
352,2024-08-14,subscription
956,2024-03-14,subscription
447,2024-02-10,login
433,2024-08-13,login
84,2024-07-10,subscription
780,2024-06-20,review
106,2024-08-20,review
612,2024-09-01,review
162,2024-03-02,review
886,2024-02-13,login
485,2024-04-16,login
87,2024-06-08,login
105,2024-01-27,login
589,2024-06-01,review
107,2024-08-12,login
272,2024-08-14,login
701,2024-05-09,review
129,2024-04-08,subscription
51,2024-01-22,subscription
67,2024-06-04,login
863,2024-07-10,login
642,2024-04-18,login
628,2024-05-03,review
256,2024-06-08,subscription
256,2024-08-17,subscription
722,2024-05-21,review
989,2024-01-23,subscription
169,2024-06-04,subscription
323,2024-06-23,review
949,2024-07-14,login
978,2024-05-29,subscription
921,2024-08-26,login
573,2024-07-27,login
11,2024-05-29,login
448,2024-03-01,login
225,2024-05-15,subscription
664,2024-02-26,subscription
166,2024-07-17,subscription
402,2024-01-01,login
168,2024-01-03,login
388,2024-08-04,login
857,2024-04-15,review
337,2024-03-09,review
748,2024-02-08,review
306,2024-06-22,login
555,2024-04-22,review
77,2024-06-24,subscription
57,2024-06-08,review
58,2024-08-22,login
125,2024-06-27,login
167,2024-06-14,login
135,2024-01-27,login
609,2024-06-06,review
663,2024-02-20,review
145,2024-04-24,login
138,2024-05-14,login
938,2024-03-06,review
803,2024-03-30,subscription
383,2024-02-14,review
842,2024-03-26,subscription
255,2024-01-04,login
957,2024-07-02,subscription
937,2024-02-27,review
152,2024-03-22,review
908,2024-07-11,login
393,2024-02-06,subscription
798,2024-01-15,subscription
589,2024-02-20,review
502,2024-02-09,review
26,2024-06-30,login
193,2024-06-19,login
984,2024-03-24,review
23,2024-01-07,subscription
768,2024-08-01,subscription
295,2024-04-28,subscription
15,2024-01-24,login
734,2024-08-07,subscription
807,2024-04-10,login
822,2024-06-09,review
232,2024-04-02,review
649,2024-03-10,subscription
541,2024-08-13,subscription
418,2024-08-16,review
570,2024-08-14,review
586,2024-06-25,subscription
123,2024-05-26,subscription
358,2024-04-12,subscription
423,2024-08-21,subscription
506,2024-08-08,review
537,2024-02-17,subscription
202,2024-04-13,login
416,2024-02-24,subscription
559,2024-04-18,subscription
715,2024-08-21,subscription
687,2024-02-27,review
70,2024-05-01,login
737,2024-02-13,login
630,2024-04-08,subscription
247,2024-07-06,login
929,2024-03-21,login
44,2024-01-08,login
390,2024-01-04,review
888,2024-02-05,subscription
99,2024-08-24,subscription
665,2024-04-22,subscription
318,2024-06-13,login
571,2024-07-24,review
188,2024-07-24,review
695,2024-02-10,subscription
969,2024-04-11,login
870,2024-05-29,review
885,2024-04-18,login
386,2024-08-06,subscription
750,2024-06-05,login
557,2024-01-21,review
231,2024-05-30,review
236,2024-03-25,subscription
192,2024-07-23,review
747,2024-08-06,subscription
463,2024-05-11,login
106,2024-03-30,subscription
887,2024-08-16,login
916,2024-02-26,login
683,2024-01-04,subscription
501,2024-06-09,review
532,2024-05-07,subscription
404,2024-08-10,review
102,2024-05-08,review
8,2024-07-26,subscription
200,2024-05-11,subscription
72,2024-04-05,subscription
883,2024-06-07,subscription
622,2024-08-15,login
118,2024-07-26,review
737,2024-05-19,review
668,2024-05-30,subscription
285,2024-09-03,subscription
302,2024-03-13,login
656,2024-06-03,login
151,2024-07-28,login
442,2024-08-16,subscription
811,2024-05-04,review
946,2024-01-20,login
473,2024-01-30,login
893,2024-07-20,review
421,2024-01-19,login
709,2024-02-08,subscription
135,2024-03-27,login
978,2024-05-13,login
137,2024-02-23,review
268,2024-02-07,login
316,2024-07-30,subscription
156,2024-08-11,login
30,2024-04-11,review
18,2024-05-01,subscription
39,2024-03-18,subscription
642,2024-07-15,login
441,2024-08-29,review
336,2024-06-15,login
38,2024-01-10,review
432,2024-07-11,review
933,2024-04-07,review
384,2024-05-23,login
999,2024-07-23,review
462,2024-05-15,login
439,2024-07-03,review
53,2024-04-11,subscription
166,2024-06-28,review
342,2024-08-28,subscription
165,2024-07-16,review
84,2024-03-18,review
495,2024-06-23,subscription
775,2024-04-08,review
586,2024-01-10,login
747,2024-04-16,review
252,2024-06-24,review
543,2024-06-24,review
686,2024-07-12,subscription
607,2024-04-30,login
724,2024-03-12,subscription
819,2024-06-15,subscription
714,2024-03-20,subscription
281,2024-05-25,review
664,2024-03-20,subscription
966,2024-06-12,login
470,2024-04-15,subscription
963,2024-02-12,subscription
529,2024-07-30,review
542,2024-03-05,subscription
576,2024-05-10,review
284,2024-08-15,subscription
308,2024-03-31,login
526,2024-04-09,login
118,2024-03-02,review
748,2024-06-28,login
657,2024-06-06,subscription
683,2024-06-13,subscription
924,2024-05-30,review
704,2024-02-16,subscription
513,2024-02-23,login
115,2024-05-21,login
238,2024-06-01,subscription
280,2024-08-08,subscription
984,2024-08-13,review
931,2024-07-23,subscription
395,2024-05-01,login
193,2024-08-25,review
663,2024-06-09,login
210,2024-01-29,review
925,2024-07-01,subscription
422,2024-08-15,subscription
385,2024-04-10,subscription
516,2024-04-09,review
889,2024-04-11,subscription
463,2024-08-11,login
207,2024-05-14,review
976,2024-04-16,login
772,2024-01-02,login
550,2024-06-24,review
744,2024-08-05,login
805,2024-02-01,review
588,2024-06-03,review
802,2024-07-28,subscription
899,2024-01-10,subscription
213,2024-03-31,subscription
936,2024-05-28,review
957,2024-02-25,review
456,2024-03-15,review
113,2024-07-24,review
722,2024-04-29,subscription
271,2024-09-03,review
307,2024-04-07,login
533,2024-06-11,login
329,2024-08-03,review
404,2024-01-10,review
108,2024-08-06,login
643,2024-02-13,login
938,2024-02-24,subscription
970,2024-08-12,subscription
455,2024-07-08,login
641,2024-04-23,subscription
254,2024-03-11,login
834,2024-04-09,review
175,2024-08-04,login
285,2024-02-21,login
30,2024-07-18,review
810,2024-03-25,subscription
934,2024-04-18,subscription
329,2024-06-13,login
761,2024-01-17,subscription
361,2024-07-05,subscription
103,2024-05-09,review
302,2024-04-13,login
1000,2024-07-15,login
269,2024-06-15,login
362,2024-03-18,review
348,2024-02-26,login
840,2024-06-19,login
485,2024-05-07,login
916,2024-03-22,review
150,2024-02-16,review
103,2024-04-10,login
175,2024-03-05,login
682,2024-06-09,login
729,2024-06-03,login
837,2024-07-29,login
144,2024-06-13,subscription
916,2024-03-24,login
986,2024-04-17,review
368,2024-08-09,subscription
649,2024-01-24,login
358,2024-07-14,login
33,2024-06-18,login
106,2024-03-24,subscription
858,2024-04-30,login
551,2024-07-17,subscription
484,2024-07-23,subscription
830,2024-05-31,review
329,2024-07-11,review
774,2024-01-18,review
13,2024-02-28,review
586,2024-03-17,subscription
710,2024-07-12,login
250,2024-02-27,subscription
394,2024-07-25,review
349,2024-05-24,review
865,2024-07-19,login
501,2024-08-16,subscription
784,2024-01-22,login
719,2024-03-14,subscription
93,2024-04-26,subscription
25,2024-01-03,review
361,2024-07-22,subscription
347,2024-05-26,review
748,2024-03-01,review
862,2024-08-07,review
961,2024-07-30,subscription
353,2024-06-11,review
634,2024-05-08,review
76,2024-08-11,subscription
930,2024-03-24,review
490,2024-06-27,subscription
818,2024-08-15,login
317,2024-07-11,login
249,2024-01-03,subscription
579,2024-07-19,review
951,2024-01-31,review
683,2024-02-27,login
131,2024-02-05,review
808,2024-04-30,login
370,2024-07-04,review
216,2024-06-01,subscription
116,2024-08-28,review
524,2024-07-11,login
236,2024-05-20,login
835,2024-01-21,subscription
537,2024-05-25,review
584,2024-08-18,subscription
752,2024-05-19,subscription
199,2024-03-17,subscription
928,2024-03-25,review
967,2024-03-20,review
197,2024-07-10,review
735,2024-07-13,subscription
989,2024-07-25,login
97,2024-04-10,login
677,2024-08-21,subscription
57,2024-06-09,login
770,2024-03-01,subscription
175,2024-05-18,review
28,2024-07-01,subscription
944,2024-01-05,review
722,2024-07-09,subscription
459,2024-07-03,review
162,2024-08-22,review
999,2024-02-05,login
734,2024-09-03,login
830,2024-02-25,login
679,2024-05-06,login
646,2024-07-20,review
487,2024-06-10,review
776,2024-06-25,review
880,2024-03-04,subscription
786,2024-08-10,subscription
730,2024-02-26,login
350,2024-01-14,login
541,2024-07-16,review
164,2024-05-03,review
944,2024-01-06,review
897,2024-08-06,subscription
274,2024-07-05,login
937,2024-05-16,review
573,2024-04-01,subscription
322,2024-07-12,review
323,2024-03-12,review
914,2024-03-28,subscription
615,2024-01-09,review
778,2024-07-15,review
422,2024-07-20,review
377,2024-06-06,login
250,2024-06-29,review
910,2024-06-27,subscription
287,2024-03-17,subscription
425,2024-04-16,review
916,2024-01-26,login
596,2024-07-09,review
172,2024-02-07,subscription
741,2024-01-03,login
203,2024-08-20,subscription
786,2024-02-18,review
529,2024-02-28,subscription
233,2024-06-05,login
979,2024-05-24,login
975,2024-02-25,review
633,2024-03-29,review
438,2024-05-12,subscription
225,2024-06-26,login
888,2024-02-26,review
474,2024-08-02,login
490,2024-06-14,login
624,2024-05-22,login
486,2024-05-22,subscription
133,2024-05-08,subscription
548,2024-08-23,subscription
337,2024-01-01,subscription
785,2024-01-04,login
810,2024-04-02,review
515,2024-07-04,login
5,2024-01-29,login
164,2024-01-08,login
255,2024-01-29,subscription
665,2024-02-03,login
838,2024-07-27,review
730,2024-08-05,login
920,2024-01-02,login
224,2024-02-26,login
941,2024-06-19,subscription
101,2024-07-16,review
762,2024-04-24,login
17,2024-06-09,review
610,2024-05-22,review
110,2024-07-20,review
573,2024-01-31,login
257,2024-01-15,subscription
877,2024-07-04,subscription
446,2024-04-12,login
718,2024-02-11,subscription
4,2024-03-06,login
845,2024-03-19,login
101,2024-06-27,subscription
232,2024-07-29,review
144,2024-04-19,login
834,2024-06-19,login
349,2024-01-14,subscription
750,2024-08-08,review
285,2024-07-15,review
15,2024-06-23,review
320,2024-04-01,review
289,2024-08-09,login
620,2024-02-14,login
751,2024-06-03,login
978,2024-02-05,subscription
771,2024-05-08,subscription
138,2024-07-14,login
85,2024-01-08,review
359,2024-02-14,subscription
696,2024-02-04,review
223,2024-08-02,login
999,2024-01-20,review
769,2024-01-17,review
175,2024-05-01,subscription
677,2024-07-08,subscription
598,2024-08-03,review
884,2024-01-12,review
586,2024-03-09,login
335,2024-02-27,login
514,2024-05-27,login
53,2024-04-13,login
391,2024-02-11,subscription
590,2024-02-28,login
951,2024-03-09,login
369,2024-05-22,subscription
660,2024-08-06,login
894,2024-03-17,review
795,2024-08-11,subscription
484,2024-04-14,review
283,2024-01-23,login
192,2024-05-31,subscription
462,2024-05-04,review
286,2024-01-29,review
877,2024-04-24,subscription
909,2024-08-17,login
523,2024-03-06,login
308,2024-02-12,review
673,2024-05-28,login
666,2024-08-11,review
848,2024-06-19,subscription
628,2024-05-15,subscription
217,2024-02-06,review
360,2024-01-31,review
520,2024-01-13,subscription
296,2024-08-06,login
342,2024-01-02,review
582,2024-08-19,review
836,2024-06-07,review
803,2024-06-03,subscription
148,2024-01-01,subscription
705,2024-04-24,subscription
608,2024-07-20,subscription
394,2024-03-29,review
375,2024-08-18,login
852,2024-06-26,subscription
126,2024-07-08,review
418,2024-08-18,subscription
782,2024-05-01,subscription
602,2024-04-01,login
447,2024-08-11,subscription
939,2024-08-20,review
945,2024-02-16,review
505,2024-05-02,login
860,2024-08-11,login
679,2024-07-15,login
919,2024-08-24,review
263,2024-02-20,subscription
946,2024-07-31,review
440,2024-03-25,subscription
603,2024-07-20,subscription
924,2024-04-29,login
689,2024-05-28,login
797,2024-03-02,review
211,2024-05-01,subscription
349,2024-06-29,review
489,2024-07-24,subscription
289,2024-08-11,review
817,2024-06-28,subscription
207,2024-08-17,login
194,2024-04-26,login
995,2024-04-20,review
987,2024-08-23,subscription
925,2024-05-04,subscription
119,2024-03-24,login
662,2024-04-16,login
989,2024-05-07,subscription
791,2024-08-06,login
573,2024-02-04,login
813,2024-04-15,review
92,2024-03-01,login
712,2024-08-30,subscription
216,2024-07-10,review
390,2024-07-06,login
958,2024-05-08,review
743,2024-03-27,review
679,2024-04-17,subscription
87,2024-05-27,review
508,2024-08-01,subscription
889,2024-04-11,login
307,2024-04-14,review
456,2024-05-23,review
606,2024-02-23,subscription
569,2024-06-20,login
107,2024-01-27,review
273,2024-04-22,login
529,2024-06-26,login
618,2024-02-03,review
522,2024-06-23,login
465,2024-04-15,review
570,2024-06-18,subscription
909,2024-06-20,subscription
571,2024-08-10,subscription
57,2024-03-11,review
817,2024-01-29,review
815,2024-06-22,review
881,2024-06-26,subscription
563,2024-04-16,review
363,2024-05-15,subscription
909,2024-07-30,login
70,2024-08-29,login
634,2024-02-12,review
911,2024-08-07,login
178,2024-01-03,subscription
140,2024-05-11,review
888,2024-04-15,login
117,2024-08-11,review
837,2024-04-07,review
863,2024-07-10,subscription
961,2024-06-28,subscription
233,2024-08-24,review
969,2024-01-08,login
460,2024-05-06,subscription
802,2024-03-18,review
500,2024-04-18,subscription
796,2024-04-07,review
823,2024-07-09,login
289,2024-08-01,login
548,2024-04-06,login
105,2024-03-20,review
52,2024-07-05,review
824,2024-08-27,login
293,2024-02-09,review
896,2024-05-27,login
255,2024-03-19,login
425,2024-04-06,subscription
309,2024-09-03,review
148,2024-07-19,review
19,2024-02-11,subscription
768,2024-02-22,login
237,2024-08-06,login
978,2024-04-26,review
539,2024-02-07,subscription
145,2024-05-24,review
87,2024-06-13,subscription
72,2024-03-30,login
143,2024-04-18,login
468,2024-08-18,login
664,2024-04-09,subscription
5,2024-05-12,subscription
504,2024-07-11,login
212,2024-07-20,login
936,2024-02-06,subscription
707,2024-02-03,login
529,2024-06-05,login
45,2024-06-24,login
162,2024-02-03,subscription
910,2024-06-23,subscription
165,2024-03-08,login
361,2024-08-24,review
951,2024-01-10,subscription
191,2024-04-11,review
76,2024-07-25,subscription
270,2024-01-19,subscription
506,2024-02-03,subscription
774,2024-02-20,subscription
982,2024-02-08,review
111,2024-02-03,login
289,2024-06-19,login
950,2024-04-18,login
496,2024-03-20,review
892,2024-07-06,review
912,2024-04-01,review
302,2024-07-06,review
721,2024-05-25,subscription
921,2024-05-09,review
674,2024-01-30,login
430,2024-05-05,subscription
786,2024-02-15,review
250,2024-07-27,review
41,2024-02-24,review
733,2024-07-17,review
630,2024-05-30,review
297,2024-06-27,subscription
399,2024-03-02,subscription
869,2024-06-21,review
725,2024-04-13,subscription
340,2024-06-07,subscription
253,2024-08-27,login
94,2024-05-12,subscription
644,2024-03-01,login
127,2024-01-31,login
45,2024-02-19,login
927,2024-05-01,subscription
544,2024-04-16,subscription
493,2024-08-15,login
609,2024-02-19,subscription
874,2024-08-05,login
706,2024-02-28,review
608,2024-03-02,review
898,2024-04-19,review
430,2024-08-11,subscription
297,2024-07-05,review
53,2024-01-10,login
930,2024-03-21,login
167,2024-04-03,subscription
727,2024-05-25,login
273,2024-01-05,login
609,2024-01-23,review
413,2024-06-03,review
143,2024-06-21,login
379,2024-08-18,subscription
490,2024-01-01,login
635,2024-05-18,login
483,2024-01-24,review
221,2024-06-11,review
560,2024-01-07,subscription
953,2024-02-12,subscription
46,2024-01-07,login
553,2024-06-27,login
804,2024-05-04,login
985,2024-03-12,subscription
222,2024-04-03,subscription
767,2024-05-05,login
322,2024-01-30,subscription
26,2024-01-26,subscription
586,2024-05-29,subscription
540,2024-05-28,login
752,2024-07-25,login
502,2024-05-03,login
563,2024-01-16,login
265,2024-03-08,subscription
28,2024-03-18,review
456,2024-01-29,login
555,2024-04-11,review
326,2024-08-20,login
792,2024-01-24,review
334,2024-04-12,review
250,2024-02-25,subscription
54,2024-05-12,subscription
147,2024-04-01,login
762,2024-02-07,login
937,2024-05-19,subscription
562,2024-01-14,login
936,2024-01-07,login
816,2024-03-23,review
571,2024-02-06,login
502,2024-02-28,review
169,2024-04-29,login
206,2024-06-27,login
511,2024-06-22,subscription
415,2024-01-29,login
477,2024-02-23,login
797,2024-05-17,login
369,2024-02-18,subscription
777,2024-02-22,review
269,2024-07-20,review
297,2024-06-07,review
485,2024-08-04,login
708,2024-06-06,subscription
549,2024-02-10,review
592,2024-07-10,login
594,2024-08-05,review
31,2024-07-10,login
991,2024-05-31,subscription
576,2024-03-19,review
593,2024-03-17,subscription
459,2024-08-23,subscription
978,2024-07-11,login
697,2024-03-12,login
635,2024-08-26,review
854,2024-05-26,login
368,2024-02-04,subscription
224,2024-05-02,review
777,2024-05-06,subscription
327,2024-05-17,review
181,2024-06-11,review
734,2024-06-25,subscription
459,2024-02-21,login
273,2024-07-03,login
957,2024-07-23,subscription
590,2024-04-05,review
974,2024-01-12,subscription
225,2024-06-02,login
742,2024-07-19,review
475,2024-04-12,review
690,2024-05-10,login
701,2024-06-09,subscription
814,2024-03-19,login
255,2024-05-27,login
118,2024-04-06,subscription
521,2024-06-01,login
997,2024-03-30,review
130,2024-06-10,login
859,2024-08-09,login
627,2024-01-27,review
449,2024-08-26,subscription
350,2024-06-21,review
784,2024-01-28,subscription
576,2024-05-03,review
342,2024-02-18,login
280,2024-07-02,login
968,2024-05-09,review
908,2024-04-29,review
490,2024-08-01,review
587,2024-03-21,login
137,2024-01-14,login
497,2024-08-22,review
192,2024-04-06,login
647,2024-04-18,login
839,2024-08-09,review
493,2024-01-30,subscription
482,2024-02-03,subscription
419,2024-08-11,review
115,2024-09-03,login
810,2024-01-19,subscription
520,2024-01-02,review
374,2024-03-10,review
518,2024-02-09,review
853,2024-06-29,review
623,2024-02-16,review
995,2024-05-13,review
228,2024-01-16,subscription
618,2024-04-22,subscription
748,2024-07-16,review
610,2024-05-06,login
414,2024-01-02,review
420,2024-06-26,review
615,2024-08-17,review
141,2024-07-22,login
436,2024-05-20,login
886,2024-08-10,subscription
715,2024-02-05,review
587,2024-06-24,login
536,2024-01-02,subscription
253,2024-07-12,subscription
765,2024-02-05,review
914,2024-07-22,review
616,2024-08-28,login
678,2024-03-16,subscription
110,2024-08-21,subscription
617,2024-01-13,subscription
236,2024-02-18,subscription
829,2024-01-30,review
278,2024-05-15,login
940,2024-07-03,subscription
662,2024-02-05,subscription
790,2024-04-21,login
305,2024-04-09,review
910,2024-01-13,review
946,2024-08-19,review
648,2024-02-29,subscription
272,2024-02-29,review
129,2024-08-05,review
995,2024-01-24,review
150,2024-07-29,review
320,2024-01-19,review
122,2024-07-24,review
246,2024-02-03,subscription
604,2024-05-11,subscription
323,2024-04-22,review
531,2024-06-05,review
766,2024-03-01,review
422,2024-03-12,review
998,2024-03-05,subscription
947,2024-07-28,review
762,2024-05-25,subscription
52,2024-07-04,login
192,2024-02-28,login
479,2024-06-28,login
706,2024-07-28,login
68,2024-06-22,login
738,2024-08-31,subscription
683,2024-01-12,login
53,2024-07-14,review
347,2024-06-29,login
886,2024-01-28,subscription
497,2024-06-05,login
91,2024-06-12,login
624,2024-04-16,subscription
